"0","library(tmaptools)"
"0","library(RUMBA)"
"0","library(tidyverse)"
"0","library(sf)"
"0","library(ggmap)"
"0","library(osmdata)"
"0","library(nominatimlite)"
"0","library(arcgeocoder)"
"0","library(htmltools)"
"0","library(ggimage)"
"0","library(ggsn)"
"0","library(leaflet)"
"0","library(tmaptools)"
"0","library(viridisLite)"
"0","library(osrm)"
"0","library(units)"
"0","library(htmlwidgets)"
"0","library(webshot)"
"0","#install_github(""wch/webshot"")"
"0","#install.packages(""nominatimlite"")"
"0","#remotes::install_github(""dkahle/ggmap"")"
