"0","radios_bp_quilmes
"
"1"," [1]"
"1"," ""066583814"""
"1"," ""066582209"""
"1"," ""066582909"""
"1"," ""066582712"""
"1"," ""066584102"""
"1","
"
"1"," [6]"
"1"," ""066582107"""
"1"," ""066582116"""
"1"," ""066582114"""
"1"," ""066584201"""
"1"," ""066583811"""
"1","
"
"1","[11]"
"1"," ""066583712"""
"1"," ""066583602"""
"1"," ""066582602"""
"1"," ""066582601"""
"1"," ""066583710"""
"1","
"
"1","[16]"
"1"," ""066583008"""
"1"," ""066583906"""
"1"," ""066583910"""
"1"," ""066584009"""
"1"," ""066582604"""
"1","
"
"1","[21]"
"1"," ""066581002"""
"1"," ""066584412"""
"1"," ""066582714"""
"1"," ""066582309"""
"1"," ""066581012"""
"1","
"
"1","[26]"
"1"," ""066581409"""
"1"," ""066583805"""
"1"," ""066580205"""
"1"," ""066582707"""
"1"," ""066583816"""
"1","
"
"1","[31]"
"1"," ""066580302"""
"1"," ""066584002"""
"1"," ""066580207"""
"1"," ""066584101"""
"1"," ""066583304"""
"1","
"
"1","[36]"
"1"," ""066583702"""
"1"," ""066584402"""
"1"," ""066582715"""
"1"," ""066580204"""
"1"," ""066580211"""
"1","
"
"1","[41]"
"1"," ""066583703"""
"1"," ""066580401"""
"1"," ""066582109"""
"1"," ""066583706"""
"1"," ""066583601"""
"1","
"
"1","[46]"
"1"," ""066583704"""
"1"," ""066583609"""
"1"," ""066583705"""
"1"," ""066584017"""
"1"," ""066582512"""
"1","
"
"1","[51]"
"1"," ""066582806"""
"1"," ""066584305"""
"1"," ""066580206"""
"1"," ""066581405"""
"1"," ""066583608"""
"1","
"
"1","[56]"
"1"," ""066580201"""
"1","
"
